station_name,StationCode,lat,lon
ATHENRY,AY,53.289,-8.786
BALLYHAISE,BE,54.051,-7.31
BELMULLET,BT,54.228,-10.007
CASEMENT,CA,53.306,-6.439
CLAREMORRIS,CS,53.711,-8.993
CORK AIRPORT,CT,51.847,-8.486
DUNSANY,DY,53.516,-6.66
FINNER,FR,54.494,-8.243
GURTEEN,GN,53.035,-8.009
JOHNSTOWN CASTLE 2,JC,52.298,-6.497
MACE HEAD,MC,53.326,-9.901
MALIN HEAD,MH,55.372,-7.339
MOORE PARK,MP,52.164,-8.264
MT DILLON,MD,53.727,-7.981
MULLINGAR,MR,53.537,-7.362
NEWPORT,NT,53.924,-9.573
OAK PARK,OP,52.861,-6.915
ROCHES POINT,RP,51.793,-8.244
SHANNON AIRPORT,SA,52.69,-8.918
SHERKIN ISLAND,SI,51.476,-9.428
VALENTIA OBSERVATORY,VO,51.938,-10.241
